inventory_id,film_id,last_update
1,1,2023-07-29 11:02:06
2,1,2023-07-29 11:02:06
3,1,2023-07-29 11:02:06
4,1,2023-07-29 11:02:06
5,1,2023-07-29 11:02:06
6,1,2023-07-29 11:02:06
7,1,2023-07-29 11:02:06
8,1,2023-07-29 11:02:06
9,2,2023-07-29 11:02:06
10,2,2023-07-29 11:02:06
11,2,2023-07-29 11:02:06
12,3,2023-07-29 11:02:06
13,3,2023-07-29 11:02:06
14,3,2023-07-29 11:02:06
15,3,2023-07-29 11:02:06
16,4,2023-07-29 11:02:06
17,4,2023-07-29 11:02:06
18,4,2023-07-29 11:02:06
19,4,2023-07-29 11:02:06
20,4,2023-07-29 11:02:06
21,4,2023-07-29 11:02:06
22,4,2023-07-29 11:02:06
23,5,2023-07-29 11:02:06
24,5,2023-07-29 11:02:06
25,5,2023-07-29 11:02:06
26,6,2023-07-29 11:02:06
27,6,2023-07-29 11:02:06
28,6,2023-07-29 11:02:06
29,6,2023-07-29 11:02:06
30,6,2023-07-29 11:02:06
31,6,2023-07-29 11:02:06
32,7,2023-07-29 11:02:06
33,7,2023-07-29 11:02:06
34,7,2023-07-29 11:02:06
35,7,2023-07-29 11:02:06
36,7,2023-07-29 11:02:06
37,8,2023-07-29 11:02:06
38,8,2023-07-29 11:02:06
39,8,2023-07-29 11:02:06
40,8,2023-07-29 11:02:06
41,9,2023-07-29 11:02:06
42,9,2023-07-29 11:02:06
43,9,2023-07-29 11:02:06
44,9,2023-07-29 11:02:06
45,9,2023-07-29 11:02:06
46,10,2023-07-29 11:02:06
47,10,2023-07-29 11:02:06
48,10,2023-07-29 11:02:06
49,10,2023-07-29 11:02:06
50,10,2023-07-29 11:02:06
51,10,2023-07-29 11:02:06
52,10,2023-07-29 11:02:06
53,11,2023-07-29 11:02:06
54,11,2023-07-29 11:02:06
55,11,2023-07-29 11:02:06
56,11,2023-07-29 11:02:06
57,11,2023-07-29 11:02:06
58,11,2023-07-29 11:02:06
59,11,2023-07-29 11:02:06
60,12,2023-07-29 11:02:06
61,12,2023-07-29 11:02:06
62,12,2023-07-29 11:02:06
63,12,2023-07-29 11:02:06
64,12,2023-07-29 11:02:06
65,12,2023-07-29 11:02:06
66,12,2023-07-29 11:02:06
67,13,2023-07-29 11:02:06
68,13,2023-07-29 11:02:06
69,13,2023-07-29 11:02:06
70,13,2023-07-29 11:02:06
71,15,2023-07-29 11:02:06
72,15,2023-07-29 11:02:06
73,15,2023-07-29 11:02:06
74,15,2023-07-29 11:02:06
75,15,2023-07-29 11:02:06
76,15,2023-07-29 11:02:06
77,16,2023-07-29 11:02:06
78,16,2023-07-29 11:02:06
79,16,2023-07-29 11:02:06
80,16,2023-07-29 11:02:06
81,17,2023-07-29 11:02:06
82,17,2023-07-29 11:02:06
83,17,2023-07-29 11:02:06
84,17,2023-07-29 11:02:06
85,17,2023-07-29 11:02:06
86,17,2023-07-29 11:02:06
87,18,2023-07-29 11:02:06
88,18,2023-07-29 11:02:06
89,18,2023-07-29 11:02:06
90,18,2023-07-29 11:02:06
91,18,2023-07-29 11:02:06
92,18,2023-07-29 11:02:06
93,19,2023-07-29 11:02:06
94,19,2023-07-29 11:02:06
95,19,2023-07-29 11:02:06
96,19,2023-07-29 11:02:06
97,19,2023-07-29 11:02:06
98,19,2023-07-29 11:02:06
99,20,2023-07-29 11:02:06
100,20,2023-07-29 11:02:06
101,20,2023-07-29 11:02:06
102,21,2023-07-29 11:02:06
103,21,2023-07-29 11:02:06
104,21,2023-07-29 11:02:06
105,21,2023-07-29 11:02:06
106,21,2023-07-29 11:02:06
107,21,2023-07-29 11:02:06
108,22,2023-07-29 11:02:06
109,22,2023-07-29 11:02:06
110,22,2023-07-29 11:02:06
111,22,2023-07-29 11:02:06
112,22,2023-07-29 11:02:06
113,22,2023-07-29 11:02:06
114,22,2023-07-29 11:02:06
115,23,2023-07-29 11:02:06
116,23,2023-07-29 11:02:06
117,23,2023-07-29 11:02:06
118,23,2023-07-29 11:02:06
119,23,2023-07-29 11:02:06
120,24,2023-07-29 11:02:06
121,24,2023-07-29 11:02:06
122,24,2023-07-29 11:02:06
123,24,2023-07-29 11:02:06
124,25,2023-07-29 11:02:06
125,25,2023-07-29 11:02:06
126,25,2023-07-29 11:02:06
127,25,2023-07-29 11:02:06
128,25,2023-07-29 11:02:06
129,25,2023-07-29 11:02:06
130,26,2023-07-29 11:02:06
131,26,2023-07-29 11:02:06
132,26,2023-07-29 11:02:06
133,26,2023-07-29 11:02:06
134,26,2023-07-29 11:02:06
135,27,2023-07-29 11:02:06
136,27,2023-07-29 11:02:06
137,27,2023-07-29 11:02:06
138,27,2023-07-29 11:02:06
139,28,2023-07-29 11:02:06
140,28,2023-07-29 11:02:06
141,28,2023-07-29 11:02:06
142,29,2023-07-29 11:02:06
143,29,2023-07-29 11:02:06
144,30,2023-07-29 11:02:06
145,30,2023-07-29 11:02:06
146,31,2023-07-29 11:02:06
147,31,2023-07-29 11:02:06
148,31,2023-07-29 11:02:06
149,31,2023-07-29 11:02:06
150,31,2023-07-29 11:02:06
151,31,2023-07-29 11:02:06
152,31,2023-07-29 11:02:06
153,31,2023-07-29 11:02:06
154,32,2023-07-29 11:02:06
155,32,2023-07-29 11:02:06
156,34,2023-07-29 11:02:06
157,34,2023-07-29 11:02:06
158,34,2023-07-29 11:02:06
159,34,2023-07-29 11:02:06
160,35,2023-07-29 11:02:06
161,35,2023-07-29 11:02:06
162,35,2023-07-29 11:02:06
163,35,2023-07-29 11:02:06
164,35,2023-07-29 11:02:06
165,35,2023-07-29 11:02:06
166,35,2023-07-29 11:02:06
167,37,2023-07-29 11:02:06
168,37,2023-07-29 11:02:06
169,37,2023-07-29 11:02:06
170,37,2023-07-29 11:02:06
171,37,2023-07-29 11:02:06
172,37,2023-07-29 11:02:06
173,37,2023-07-29 11:02:06
174,39,2023-07-29 11:02:06
175,39,2023-07-29 11:02:06
176,39,2023-07-29 11:02:06
177,39,2023-07-29 11:02:06
178,39,2023-07-29 11:02:06
179,39,2023-07-29 11:02:06
180,39,2023-07-29 11:02:06
181,40,2023-07-29 11:02:06
182,40,2023-07-29 11:02:06
183,40,2023-07-29 11:02:06
184,40,2023-07-29 11:02:06
185,42,2023-07-29 11:02:06
186,42,2023-07-29 11:02:06
187,42,2023-07-29 11:02:06
188,42,2023-07-29 11:02:06
189,43,2023-07-29 11:02:06
190,43,2023-07-29 11:02:06
191,43,2023-07-29 11:02:06
192,43,2023-07-29 11:02:06
193,43,2023-07-29 11:02:06
194,43,2023-07-29 11:02:06
195,43,2023-07-29 11:02:06
196,44,2023-07-29 11:02:06
197,44,2023-07-29 11:02:06
198,44,2023-07-29 11:02:06
199,44,2023-07-29 11:02:06
200,44,2023-07-29 11:02:06
201,45,2023-07-29 11:02:06
202,45,2023-07-29 11:02:06
203,45,2023-07-29 11:02:06
204,45,2023-07-29 11:02:06
205,45,2023-07-29 11:02:06
206,45,2023-07-29 11:02:06
207,46,2023-07-29 11:02:06
208,46,2023-07-29 11:02:06
209,46,2023-07-29 11:02:06
210,47,2023-07-29 11:02:06
211,47,2023-07-29 11:02:06
212,48,2023-07-29 11:02:06
213,48,2023-07-29 11:02:06
214,48,2023-07-29 11:02:06
215,48,2023-07-29 11:02:06
216,49,2023-07-29 11:02:06
217,49,2023-07-29 11:02:06
218,49,2023-07-29 11:02:06
219,49,2023-07-29 11:02:06
220,49,2023-07-29 11:02:06
221,49,2023-07-29 11:02:06
222,50,2023-07-29 11:02:06
223,50,2023-07-29 11:02:06
224,50,2023-07-29 11:02:06
225,50,2023-07-29 11:02:06
226,50,2023-07-29 11:02:06
227,51,2023-07-29 11:02:06
228,51,2023-07-29 11:02:06
229,51,2023-07-29 11:02:06
230,51,2023-07-29 11:02:06
231,51,2023-07-29 11:02:06
232,51,2023-07-29 11:02:06
233,52,2023-07-29 11:02:06
234,52,2023-07-29 11:02:06
235,53,2023-07-29 11:02:06
236,53,2023-07-29 11:02:06
237,54,2023-07-29 11:02:06
238,54,2023-07-29 11:02:06
239,54,2023-07-29 11:02:06
240,54,2023-07-29 11:02:06
241,54,2023-07-29 11:02:06
242,55,2023-07-29 11:02:06
243,55,2023-07-29 11:02:06
244,55,2023-07-29 11:02:06
245,55,2023-07-29 11:02:06
246,55,2023-07-29 11:02:06
247,55,2023-07-29 11:02:06
248,56,2023-07-29 11:02:06
249,56,2023-07-29 11:02:06
250,56,2023-07-29 11:02:06
251,56,2023-07-29 11:02:06
252,56,2023-07-29 11:02:06
253,57,2023-07-29 11:02:06
254,57,2023-07-29 11:02:06
255,57,2023-07-29 11:02:06
256,57,2023-07-29 11:02:06
257,57,2023-07-29 11:02:06
258,57,2023-07-29 11:02:06
259,57,2023-07-29 11:02:06
260,58,2023-07-29 11:02:06
261,58,2023-07-29 11:02:06
262,58,2023-07-29 11:02:06
263,58,2023-07-29 11:02:06
264,59,2023-07-29 11:02:06
265,59,2023-07-29 11:02:06
266,59,2023-07-29 11:02:06
267,59,2023-07-29 11:02:06
268,59,2023-07-29 11:02:06
269,60,2023-07-29 11:02:06
270,60,2023-07-29 11:02:06
271,60,2023-07-29 11:02:06
272,61,2023-07-29 11:02:06
273,61,2023-07-29 11:02:06
274,61,2023-07-29 11:02:06
275,61,2023-07-29 11:02:06
276,61,2023-07-29 11:02:06
277,61,2023-07-29 11:02:06
278,62,2023-07-29 11:02:06
279,62,2023-07-29 11:02:06
280,63,2023-07-29 11:02:06
281,63,2023-07-29 11:02:06
282,63,2023-07-29 11:02:06
283,63,2023-07-29 11:02:06
284,64,2023-07-29 11:02:06
285,64,2023-07-29 11:02:06
286,64,2023-07-29 11:02:06
287,65,2023-07-29 11:02:06
288,65,2023-07-29 11:02:06
289,65,2023-07-29 11:02:06
290,65,2023-07-29 11:02:06
291,66,2023-07-29 11:02:06
292,66,2023-07-29 11:02:06
293,66,2023-07-29 11:02:06
294,67,2023-07-29 11:02:06
295,67,2023-07-29 11:02:06
296,67,2023-07-29 11:02:06
297,67,2023-07-29 11:02:06
298,67,2023-07-29 11:02:06
299,67,2023-07-29 11:02:06
300,68,2023-07-29 11:02:06
301,68,2023-07-29 11:02:06
302,68,2023-07-29 11:02:06
303,68,2023-07-29 11:02:06
304,69,2023-07-29 11:02:06
305,69,2023-07-29 11:02:06
306,69,2023-07-29 11:02:06
307,69,2023-07-29 11:02:06
308,69,2023-07-29 11:02:06
309,69,2023-07-29 11:02:06
310,69,2023-07-29 11:02:06
311,69,2023-07-29 11:02:06
312,70,2023-07-29 11:02:06
313,70,2023-07-29 11:02:06
314,70,2023-07-29 11:02:06
315,70,2023-07-29 11:02:06
316,71,2023-07-29 11:02:06
317,71,2023-07-29 11:02:06
318,71,2023-07-29 11:02:06
319,71,2023-07-29 11:02:06
320,72,2023-07-29 11:02:06
321,72,2023-07-29 11:02:06
322,72,2023-07-29 11:02:06
323,72,2023-07-29 11:02:06
324,72,2023-07-29 11:02:06
325,72,2023-07-29 11:02:06
326,73,2023-07-29 11:02:06
327,73,2023-07-29 11:02:06
328,73,2023-07-29 11:02:06
329,73,2023-07-29 11:02:06
330,73,2023-07-29 11:02:06
331,73,2023-07-29 11:02:06
332,73,2023-07-29 11:02:06
333,73,2023-07-29 11:02:06
334,74,2023-07-29 11:02:06
335,74,2023-07-29 11:02:06
336,74,2023-07-29 11:02:06
337,74,2023-07-29 11:02:06
338,74,2023-07-29 11:02:06
339,75,2023-07-29 11:02:06
340,75,2023-07-29 11:02:06
341,75,2023-07-29 11:02:06
342,76,2023-07-29 11:02:06
343,76,2023-07-29 11:02:06
344,76,2023-07-29 11:02:06
345,77,2023-07-29 11:02:06
346,77,2023-07-29 11:02:06
347,77,2023-07-29 11:02:06
348,77,2023-07-29 11:02:06
349,77,2023-07-29 11:02:06
350,77,2023-07-29 11:02:06
351,78,2023-07-29 11:02:06
352,78,2023-07-29 11:02:06
353,78,2023-07-29 11:02:06
354,78,2023-07-29 11:02:06
355,78,2023-07-29 11:02:06
356,78,2023-07-29 11:02:06
357,78,2023-07-29 11:02:06
358,79,2023-07-29 11:02:06
359,79,2023-07-29 11:02:06
360,79,2023-07-29 11:02:06
361,79,2023-07-29 11:02:06
362,79,2023-07-29 11:02:06
363,79,2023-07-29 11:02:06
364,80,2023-07-29 11:02:06
365,80,2023-07-29 11:02:06
366,80,2023-07-29 11:02:06
367,80,2023-07-29 11:02:06
368,81,2023-07-29 11:02:06
369,81,2023-07-29 11:02:06
370,81,2023-07-29 11:02:06
371,81,2023-07-29 11:02:06
372,82,2023-07-29 11:02:06
373,82,2023-07-29 11:02:06
374,83,2023-07-29 11:02:06
375,83,2023-07-29 11:02:06
376,83,2023-07-29 11:02:06
377,83,2023-07-29 11:02:06
378,83,2023-07-29 11:02:06
379,84,2023-07-29 11:02:06
380,84,2023-07-29 11:02:06
381,84,2023-07-29 11:02:06
382,84,2023-07-29 11:02:06
383,85,2023-07-29 11:02:06
384,85,2023-07-29 11:02:06
385,85,2023-07-29 11:02:06
386,85,2023-07-29 11:02:06
387,86,2023-07-29 11:02:06
388,86,2023-07-29 11:02:06
389,86,2023-07-29 11:02:06
390,86,2023-07-29 11:02:06
391,86,2023-07-29 11:02:06
392,86,2023-07-29 11:02:06
393,86,2023-07-29 11:02:06
394,86,2023-07-29 11:02:06
395,88,2023-07-29 11:02:06
396,88,2023-07-29 11:02:06
397,88,2023-07-29 11:02:06
398,88,2023-07-29 11:02:06
399,89,2023-07-29 11:02:06
400,89,2023-07-29 11:02:06
401,89,2023-07-29 11:02:06
402,89,2023-07-29 11:02:06
403,89,2023-07-29 11:02:06
404,89,2023-07-29 11:02:06
405,90,2023-07-29 11:02:06
406,90,2023-07-29 11:02:06
407,90,2023-07-29 11:02:06
408,90,2023-07-29 11:02:06
409,90,2023-07-29 11:02:06
410,90,2023-07-29 11:02:06
411,91,2023-07-29 11:02:06
412,91,2023-07-29 11:02:06
413,91,2023-07-29 11:02:06
414,91,2023-07-29 11:02:06
415,91,2023-07-29 11:02:06
416,91,2023-07-29 11:02:06
417,91,2023-07-29 11:02:06
418,91,2023-07-29 11:02:06
419,92,2023-07-29 11:02:06
420,92,2023-07-29 11:02:06
421,92,2023-07-29 11:02:06
422,92,2023-07-29 11:02:06
423,93,2023-07-29 11:02:06
424,93,2023-07-29 11:02:06
425,93,2023-07-29 11:02:06
426,94,2023-07-29 11:02:06
427,94,2023-07-29 11:02:06
428,95,2023-07-29 11:02:06
429,95,2023-07-29 11:02:06
430,95,2023-07-29 11:02:06
431,95,2023-07-29 11:02:06
432,95,2023-07-29 11:02:06
433,96,2023-07-29 11:02:06
434,96,2023-07-29 11:02:06
435,96,2023-07-29 11:02:06
436,97,2023-07-29 11:02:06
437,97,2023-07-29 11:02:06
438,97,2023-07-29 11:02:06
439,97,2023-07-29 11:02:06
440,97,2023-07-29 11:02:06
441,97,2023-07-29 11:02:06
442,98,2023-07-29 11:02:06
443,98,2023-07-29 11:02:06
444,98,2023-07-29 11:02:06
445,99,2023-07-29 11:02:06
446,99,2023-07-29 11:02:06
447,99,2023-07-29 11:02:06
448,99,2023-07-29 11:02:06
449,99,2023-07-29 11:02:06
450,99,2023-07-29 11:02:06
451,100,2023-07-29 11:02:06
452,100,2023-07-29 11:02:06
453,100,2023-07-29 11:02:06
454,100,2023-07-29 11:02:06
455,100,2023-07-29 11:02:06
456,100,2023-07-29 11:02:06
457,101,2023-07-29 11:02:06
458,101,2023-07-29 11:02:06
459,101,2023-07-29 11:02:06
460,101,2023-07-29 11:02:06
461,101,2023-07-29 11:02:06
462,101,2023-07-29 11:02:06
463,102,2023-07-29 11:02:06
464,102,2023-07-29 11:02:06
465,103,2023-07-29 11:02:06
466,103,2023-07-29 11:02:06
467,103,2023-07-29 11:02:06
468,103,2023-07-29 11:02:06
469,103,2023-07-29 11:02:06
470,103,2023-07-29 11:02:06
471,103,2023-07-29 11:02:06
472,103,2023-07-29 11:02:06
473,104,2023-07-29 11:02:06
474,104,2023-07-29 11:02:06
475,104,2023-07-29 11:02:06
476,105,2023-07-29 11:02:06
477,105,2023-07-29 11:02:06
478,105,2023-07-29 11:02:06
479,105,2023-07-29 11:02:06
480,105,2023-07-29 11:02:06
481,106,2023-07-29 11:02:06
482,106,2023-07-29 11:02:06
483,107,2023-07-29 11:02:06
484,107,2023-07-29 11:02:06
485,109,2023-07-29 11:02:06
486,109,2023-07-29 11:02:06
487,109,2023-07-29 11:02:06
488,109,2023-07-29 11:02:06
489,109,2023-07-29 11:02:06
490,109,2023-07-29 11:02:06
491,109,2023-07-29 11:02:06
492,109,2023-07-29 11:02:06
493,110,2023-07-29 11:02:06
494,110,2023-07-29 11:02:06
495,110,2023-07-29 11:02:06
496,110,2023-07-29 11:02:06
497,111,2023-07-29 11:02:06
498,111,2023-07-29 11:02:06
499,111,2023-07-29 11:02:06
500,111,2023-07-29 11:02:06
501,112,2023-07-29 11:02:06
502,112,2023-07-29 11:02:06
503,112,2023-07-29 11:02:06
504,112,2023-07-29 11:02:06
505,112,2023-07-29 11:02:06
506,112,2023-07-29 11:02:06
507,112,2023-07-29 11:02:06
508,113,2023-07-29 11:02:06
509,113,2023-07-29 11:02:06
510,113,2023-07-29 11:02:06
511,113,2023-07-29 11:02:06
512,114,2023-07-29 11:02:06
513,114,2023-07-29 11:02:06
514,114,2023-07-29 11:02:06
515,114,2023-07-29 11:02:06
516,114,2023-07-29 11:02:06
517,114,2023-07-29 11:02:06
518,114,2023-07-29 11:02:06
519,115,2023-07-29 11:02:06
520,115,2023-07-29 11:02:06
521,115,2023-07-29 11:02:06
522,115,2023-07-29 11:02:06
523,115,2023-07-29 11:02:06
524,115,2023-07-29 11:02:06
525,115,2023-07-29 11:02:06
526,116,2023-07-29 11:02:06
527,116,2023-07-29 11:02:06
528,116,2023-07-29 11:02:06
529,116,2023-07-29 11:02:06
530,116,2023-07-29 11:02:06
531,116,2023-07-29 11:02:06
532,117,2023-07-29 11:02:06
533,117,2023-07-29 11:02:06
534,117,2023-07-29 11:02:06
535,117,2023-07-29 11:02:06
536,117,2023-07-29 11:02:06
537,117,2023-07-29 11:02:06
538,118,2023-07-29 11:02:06
539,118,2023-07-29 11:02:06
540,118,2023-07-29 11:02:06
541,118,2023-07-29 11:02:06
542,118,2023-07-29 11:02:06
543,118,2023-07-29 11:02:06
544,119,2023-07-29 11:02:06
545,119,2023-07-29 11:02:06
546,119,2023-07-29 11:02:06
547,119,2023-07-29 11:02:06
548,119,2023-07-29 11:02:06
549,119,2023-07-29 11:02:06
550,119,2023-07-29 11:02:06
551,120,2023-07-29 11:02:06
552,120,2023-07-29 11:02:06
553,120,2023-07-29 11:02:06
554,121,2023-07-29 11:02:06
555,121,2023-07-29 11:02:06
556,121,2023-07-29 11:02:06
557,121,2023-07-29 11:02:06
558,121,2023-07-29 11:02:06
559,121,2023-07-29 11:02:06
560,122,2023-07-29 11:02:06
561,122,2023-07-29 11:02:06
562,122,2023-07-29 11:02:06
563,122,2023-07-29 11:02:06
564,122,2023-07-29 11:02:06
565,122,2023-07-29 11:02:06
566,122,2023-07-29 11:02:06
567,123,2023-07-29 11:02:06
568,123,2023-07-29 11:02:06
569,123,2023-07-29 11:02:06
570,123,2023-07-29 11:02:06
571,123,2023-07-29 11:02:06
572,124,2023-07-29 11:02:06
573,124,2023-07-29 11:02:06
574,124,2023-07-29 11:02:06
575,125,2023-07-29 11:02:06
576,125,2023-07-29 11:02:06
577,126,2023-07-29 11:02:06
578,126,2023-07-29 11:02:06
579,126,2023-07-29 11:02:06
580,127,2023-07-29 11:02:06
581,127,2023-07-29 11:02:06
582,127,2023-07-29 11:02:06
583,127,2023-07-29 11:02:06
584,127,2023-07-29 11:02:06
585,127,2023-07-29 11:02:06
586,127,2023-07-29 11:02:06
587,127,2023-07-29 11:02:06
588,129,2023-07-29 11:02:06
589,129,2023-07-29 11:02:06
590,129,2023-07-29 11:02:06
591,129,2023-07-29 11:02:06
592,129,2023-07-29 11:02:06
593,129,2023-07-29 11:02:06
594,130,2023-07-29 11:02:06
595,130,2023-07-29 11:02:06
596,130,2023-07-29 11:02:06
597,130,2023-07-29 11:02:06
598,130,2023-07-29 11:02:06
599,130,2023-07-29 11:02:06
600,131,2023-07-29 11:02:06
601,131,2023-07-29 11:02:06
602,131,2023-07-29 11:02:06
603,131,2023-07-29 11:02:06
604,131,2023-07-29 11:02:06
605,131,2023-07-29 11:02:06
606,132,2023-07-29 11:02:06
607,132,2023-07-29 11:02:06
608,132,2023-07-29 11:02:06
609,132,2023-07-29 11:02:06
610,132,2023-07-29 11:02:06
611,132,2023-07-29 11:02:06
612,133,2023-07-29 11:02:06
613,133,2023-07-29 11:02:06
614,133,2023-07-29 11:02:06
615,133,2023-07-29 11:02:06
616,134,2023-07-29 11:02:06
617,134,2023-07-29 11:02:06
618,134,2023-07-29 11:02:06
619,135,2023-07-29 11:02:06
620,135,2023-07-29 11:02:06
621,135,2023-07-29 11:02:06
622,135,2023-07-29 11:02:06
623,135,2023-07-29 11:02:06
624,135,2023-07-29 11:02:06
625,135,2023-07-29 11:02:06
626,136,2023-07-29 11:02:06
627,136,2023-07-29 11:02:06
628,136,2023-07-29 11:02:06
629,137,2023-07-29 11:02:06
630,137,2023-07-29 11:02:06
631,137,2023-07-29 11:02:06
632,137,2023-07-29 11:02:06
633,138,2023-07-29 11:02:06
634,138,2023-07-29 11:02:06
635,138,2023-07-29 11:02:06
636,138,2023-07-29 11:02:06
637,138,2023-07-29 11:02:06
638,139,2023-07-29 11:02:06
639,139,2023-07-29 11:02:06
640,139,2023-07-29 11:02:06
641,139,2023-07-29 11:02:06
642,139,2023-07-29 11:02:06
643,139,2023-07-29 11:02:06
644,140,2023-07-29 11:02:06
645,140,2023-07-29 11:02:06
646,140,2023-07-29 11:02:06
647,140,2023-07-29 11:02:06
648,140,2023-07-29 11:02:06
649,141,2023-07-29 11:02:06
650,141,2023-07-29 11:02:06
651,141,2023-07-29 11:02:06
652,141,2023-07-29 11:02:06
653,141,2023-07-29 11:02:06
654,142,2023-07-29 11:02:06
655,142,2023-07-29 11:02:06
656,142,2023-07-29 11:02:06
657,142,2023-07-29 11:02:06
658,142,2023-07-29 11:02:06
659,143,2023-07-29 11:02:06
660,143,2023-07-29 11:02:06
661,143,2023-07-29 11:02:06
662,143,2023-07-29 11:02:06
663,143,2023-07-29 11:02:06
664,143,2023-07-29 11:02:06
665,143,2023-07-29 11:02:06
666,145,2023-07-29 11:02:06
667,145,2023-07-29 11:02:06
668,145,2023-07-29 11:02:06
669,146,2023-07-29 11:02:06
670,146,2023-07-29 11:02:06
671,146,2023-07-29 11:02:06
672,147,2023-07-29 11:02:06
673,147,2023-07-29 11:02:06
674,147,2023-07-29 11:02:06
675,147,2023-07-29 11:02:06
676,147,2023-07-29 11:02:06
677,147,2023-07-29 11:02:06
678,149,2023-07-29 11:02:06
679,149,2023-07-29 11:02:06
680,149,2023-07-29 11:02:06
681,149,2023-07-29 11:02:06
682,149,2023-07-29 11:02:06
683,149,2023-07-29 11:02:06
684,150,2023-07-29 11:02:06
685,150,2023-07-29 11:02:06
686,150,2023-07-29 11:02:06
687,150,2023-07-29 11:02:06
688,150,2023-07-29 11:02:06
689,150,2023-07-29 11:02:06
690,151,2023-07-29 11:02:06
691,151,2023-07-29 11:02:06
692,151,2023-07-29 11:02:06
693,151,2023-07-29 11:02:06
694,152,2023-07-29 11:02:06
695,152,2023-07-29 11:02:06
696,152,2023-07-29 11:02:06
697,152,2023-07-29 11:02:06
698,153,2023-07-29 11:02:06
699,153,2023-07-29 11:02:06
700,153,2023-07-29 11:02:06
701,153,2023-07-29 11:02:06
702,154,2023-07-29 11:02:06
703,154,2023-07-29 11:02:06
704,154,2023-07-29 11:02:06
705,154,2023-07-29 11:02:06
706,154,2023-07-29 11:02:06
707,154,2023-07-29 11:02:06
708,154,2023-07-29 11:02:06
709,155,2023-07-29 11:02:06
710,155,2023-07-29 11:02:06
711,155,2023-07-29 11:02:06
712,155,2023-07-29 11:02:06
713,155,2023-07-29 11:02:06
714,156,2023-07-29 11:02:06
715,156,2023-07-29 11:02:06
716,157,2023-07-29 11:02:06
717,157,2023-07-29 11:02:06
718,157,2023-07-29 11:02:06
719,158,2023-07-29 11:02:06
720,158,2023-07-29 11:02:06
721,158,2023-07-29 11:02:06
722,158,2023-07-29 11:02:06
723,158,2023-07-29 11:02:06
724,159,2023-07-29 11:02:06
725,159,2023-07-29 11:02:06
726,159,2023-07-29 11:02:06
727,159,2023-07-29 11:02:06
728,159,2023-07-29 11:02:06
729,159,2023-07-29 11:02:06
730,159,2023-07-29 11:02:06
731,160,2023-07-29 11:02:06
732,160,2023-07-29 11:02:06
733,160,2023-07-29 11:02:06
734,160,2023-07-29 11:02:06
735,160,2023-07-29 11:02:06
736,161,2023-07-29 11:02:06
737,161,2023-07-29 11:02:06
738,162,2023-07-29 11:02:06
739,162,2023-07-29 11:02:06
740,162,2023-07-29 11:02:06
741,162,2023-07-29 11:02:06
742,162,2023-07-29 11:02:06
743,162,2023-07-29 11:02:06
744,162,2023-07-29 11:02:06
745,163,2023-07-29 11:02:06
746,163,2023-07-29 11:02:06
747,163,2023-07-29 11:02:06
748,164,2023-07-29 11:02:06
749,164,2023-07-29 11:02:06
750,164,2023-07-29 11:02:06
751,164,2023-07-29 11:02:06
752,164,2023-07-29 11:02:06
753,165,2023-07-29 11:02:06
754,165,2023-07-29 11:02:06
755,165,2023-07-29 11:02:06
756,165,2023-07-29 11:02:06
757,165,2023-07-29 11:02:06
758,166,2023-07-29 11:02:06
759,166,2023-07-29 11:02:06
760,166,2023-07-29 11:02:06
761,166,2023-07-29 11:02:06
762,166,2023-07-29 11:02:06
763,166,2023-07-29 11:02:06
764,167,2023-07-29 11:02:06
765,167,2023-07-29 11:02:06
766,167,2023-07-29 11:02:06
767,167,2023-07-29 11:02:06
768,167,2023-07-29 11:02:06
769,167,2023-07-29 11:02:06
770,167,2023-07-29 11:02:06
771,168,2023-07-29 11:02:06
772,168,2023-07-29 11:02:06
773,169,2023-07-29 11:02:06
774,169,2023-07-29 11:02:06
775,169,2023-07-29 11:02:06
776,169,2023-07-29 11:02:06
777,170,2023-07-29 11:02:06
778,170,2023-07-29 11:02:06
779,170,2023-07-29 11:02:06
780,170,2023-07-29 11:02:06
781,170,2023-07-29 11:02:06
782,170,2023-07-29 11:02:06
783,172,2023-07-29 11:02:06
784,172,2023-07-29 11:02:06
785,172,2023-07-29 11:02:06
786,172,2023-07-29 11:02:06
787,172,2023-07-29 11:02:06
788,172,2023-07-29 11:02:06
789,172,2023-07-29 11:02:06
790,173,2023-07-29 11:02:06
791,173,2023-07-29 11:02:06
792,173,2023-07-29 11:02:06
793,173,2023-07-29 11:02:06
794,173,2023-07-29 11:02:06
795,174,2023-07-29 11:02:06
796,174,2023-07-29 11:02:06
797,174,2023-07-29 11:02:06
798,174,2023-07-29 11:02:06
799,174,2023-07-29 11:02:06
800,174,2023-07-29 11:02:06
801,174,2023-07-29 11:02:06
802,174,2023-07-29 11:02:06
803,175,2023-07-29 11:02:06
804,175,2023-07-29 11:02:06
805,175,2023-07-29 11:02:06
806,175,2023-07-29 11:02:06
807,175,2023-07-29 11:02:06
808,176,2023-07-29 11:02:06
809,176,2023-07-29 11:02:06
810,176,2023-07-29 11:02:06
811,176,2023-07-29 11:02:06
812,176,2023-07-29 11:02:06
813,176,2023-07-29 11:02:06
814,177,2023-07-29 11:02:06
815,177,2023-07-29 11:02:06
816,177,2023-07-29 11:02:06
817,178,2023-07-29 11:02:06
818,178,2023-07-29 11:02:06
819,179,2023-07-29 11:02:06
820,179,2023-07-29 11:02:06
821,179,2023-07-29 11:02:06
822,179,2023-07-29 11:02:06
823,180,2023-07-29 11:02:06
824,180,2023-07-29 11:02:06
825,181,2023-07-29 11:02:06
826,181,2023-07-29 11:02:06
827,181,2023-07-29 11:02:06
828,181,2023-07-29 11:02:06
829,181,2023-07-29 11:02:06
830,181,2023-07-29 11:02:06
831,181,2023-07-29 11:02:06
832,182,2023-07-29 11:02:06
833,182,2023-07-29 11:02:06
834,183,2023-07-29 11:02:06
835,183,2023-07-29 11:02:06
836,183,2023-07-29 11:02:06
837,183,2023-07-29 11:02:06
838,183,2023-07-29 11:02:06
839,183,2023-07-29 11:02:06
840,184,2023-07-29 11:02:06
841,184,2023-07-29 11:02:06
842,184,2023-07-29 11:02:06
843,184,2023-07-29 11:02:06
844,184,2023-07-29 11:02:06
845,185,2023-07-29 11:02:06
846,185,2023-07-29 11:02:06
847,186,2023-07-29 11:02:06
848,186,2023-07-29 11:02:06
849,186,2023-07-29 11:02:06
850,186,2023-07-29 11:02:06
851,187,2023-07-29 11:02:06
852,187,2023-07-29 11:02:06
853,187,2023-07-29 11:02:06
854,188,2023-07-29 11:02:06
855,188,2023-07-29 11:02:06
856,188,2023-07-29 11:02:06
857,189,2023-07-29 11:02:06
858,189,2023-07-29 11:02:06
859,189,2023-07-29 11:02:06
860,189,2023-07-29 11:02:06
861,189,2023-07-29 11:02:06
862,189,2023-07-29 11:02:06
863,190,2023-07-29 11:02:06
864,190,2023-07-29 11:02:06
865,190,2023-07-29 11:02:06
866,190,2023-07-29 11:02:06
867,191,2023-07-29 11:02:06
868,191,2023-07-29 11:02:06
869,191,2023-07-29 11:02:06
870,191,2023-07-29 11:02:06
871,191,2023-07-29 11:02:06
872,191,2023-07-29 11:02:06
873,193,2023-07-29 11:02:06
874,193,2023-07-29 11:02:06
875,193,2023-07-29 11:02:06
876,193,2023-07-29 11:02:06
877,193,2023-07-29 11:02:06
878,193,2023-07-29 11:02:06
879,193,2023-07-29 11:02:06
880,193,2023-07-29 11:02:06
881,194,2023-07-29 11:02:06
882,194,2023-07-29 11:02:06
883,194,2023-07-29 11:02:06
884,194,2023-07-29 11:02:06
885,196,2023-07-29 11:02:06
886,196,2023-07-29 11:02:06
887,197,2023-07-29 11:02:06
888,197,2023-07-29 11:02:06
889,199,2023-07-29 11:02:06
890,199,2023-07-29 11:02:06
891,199,2023-07-29 11:02:06
892,199,2023-07-29 11:02:06
893,199,2023-07-29 11:02:06
894,199,2023-07-29 11:02:06
895,199,2023-07-29 11:02:06
896,199,2023-07-29 11:02:06
897,200,2023-07-29 11:02:06
898,200,2023-07-29 11:02:06
899,200,2023-07-29 11:02:06
900,200,2023-07-29 11:02:06
901,200,2023-07-29 11:02:06
902,200,2023-07-29 11:02:06
903,200,2023-07-29 11:02:06
904,200,2023-07-29 11:02:06
905,201,2023-07-29 11:02:06
906,201,2023-07-29 11:02:06
907,201,2023-07-29 11:02:06
908,201,2023-07-29 11:02:06
909,202,2023-07-29 11:02:06
910,202,2023-07-29 11:02:06
911,202,2023-07-29 11:02:06
912,203,2023-07-29 11:02:06
913,203,2023-07-29 11:02:06
914,203,2023-07-29 11:02:06
915,203,2023-07-29 11:02:06
916,204,2023-07-29 11:02:06
917,204,2023-07-29 11:02:06
918,204,2023-07-29 11:02:06
919,204,2023-07-29 11:02:06
920,204,2023-07-29 11:02:06
921,204,2023-07-29 11:02:06
922,205,2023-07-29 11:02:06
923,205,2023-07-29 11:02:06
924,205,2023-07-29 11:02:06
925,205,2023-07-29 11:02:06
926,206,2023-07-29 11:02:06
927,206,2023-07-29 11:02:06
928,206,2023-07-29 11:02:06
929,206,2023-07-29 11:02:06
930,206,2023-07-29 11:02:06
931,206,2023-07-29 11:02:06
932,206,2023-07-29 11:02:06
933,206,2023-07-29 11:02:06
934,207,2023-07-29 11:02:06
935,207,2023-07-29 11:02:06
936,207,2023-07-29 11:02:06
937,207,2023-07-29 11:02:06
938,208,2023-07-29 11:02:06
939,208,2023-07-29 11:02:06
940,208,2023-07-29 11:02:06
941,209,2023-07-29 11:02:06
942,209,2023-07-29 11:02:06
943,209,2023-07-29 11:02:06
944,209,2023-07-29 11:02:06
945,210,2023-07-29 11:02:06
946,210,2023-07-29 11:02:06
947,210,2023-07-29 11:02:06
948,211,2023-07-29 11:02:06
949,211,2023-07-29 11:02:06
950,212,2023-07-29 11:02:06
951,212,2023-07-29 11:02:06
952,212,2023-07-29 11:02:06
953,212,2023-07-29 11:02:06
954,212,2023-07-29 11:02:06
955,213,2023-07-29 11:02:06
956,213,2023-07-29 11:02:06
957,213,2023-07-29 11:02:06
958,213,2023-07-29 11:02:06
959,214,2023-07-29 11:02:06
960,214,2023-07-29 11:02:06
961,214,2023-07-29 11:02:06
962,214,2023-07-29 11:02:06
963,215,2023-07-29 11:02:06
964,215,2023-07-29 11:02:06
965,215,2023-07-29 11:02:06
966,215,2023-07-29 11:02:06
967,215,2023-07-29 11:02:06
968,215,2023-07-29 11:02:06
969,216,2023-07-29 11:02:06
970,216,2023-07-29 11:02:06
971,216,2023-07-29 11:02:06
972,216,2023-07-29 11:02:06
973,216,2023-07-29 11:02:06
974,218,2023-07-29 11:02:06
975,218,2023-07-29 11:02:06
976,218,2023-07-29 11:02:06
977,218,2023-07-29 11:02:06
978,218,2023-07-29 11:02:06
979,218,2023-07-29 11:02:06
980,218,2023-07-29 11:02:06
981,219,2023-07-29 11:02:06
982,219,2023-07-29 11:02:06
983,219,2023-07-29 11:02:06
984,219,2023-07-29 11:02:06
985,220,2023-07-29 11:02:06
986,220,2023-07-29 11:02:06
987,220,2023-07-29 11:02:06
988,220,2023-07-29 11:02:06
989,220,2023-07-29 11:02:06
990,220,2023-07-29 11:02:06
991,220,2023-07-29 11:02:06
992,220,2023-07-29 11:02:06
993,222,2023-07-29 11:02:06
994,222,2023-07-29 11:02:06
995,222,2023-07-29 11:02:06
996,222,2023-07-29 11:02:06
997,222,2023-07-29 11:02:06
998,222,2023-07-29 11:02:06
999,223,2023-07-29 11:02:06
1000,223,2023-07-29 11:02:06
